<?xml version="1.0" encoding="UTF-8"?>
<!DOCTYPE mapper PUBLIC "-//mybatis.org//DTD Mapper 3.0//EN" "http://mybatis.org/dtd/mybatis-3-mapper.dtd">

<mapper namespace="cafe.jjdev.mall.mapper.MemberMapper">
	<!-- 회원 가입 -->
	<insert id="insertMember" 
			parameterType="cafe.jjdev.mall.vo.Member">
		INSERT INTO member(
			member_id,
			member_pw,
			member_name,
			member_phone,
			member_address,
			member_gender,
			member_level
		)VALUES(
			#{memberId},
			#{memberPw},
			#{memberName},
			#{memberPhone},
			#{memberAddress},
			#{memberGender},
			#{memberLevel}
		)
	</insert>
	<!-- 회원 한명 조회 -->
	<select id="selectMember"
			parameterType="cafe.jjdev.mall.vo.Member"
			resultType="cafe.jjdev.mall.vo.Member">
		SELECT 
			member_no AS memberNo, 
			member_id AS memberId, 
			member_pw AS memberPw, 
			member_name AS memberName, 
			member_phone AS memberPhone, 
			member_address AS memberAddress, 
			member_gender AS memberGender, 
			member_level AS memberLevel
		FROM 
			member
		WHERE 
			member_id = #{memberId} 
		AND 
			member_pw = #{memberPw}
	</select>
	<!-- 회원 비밀번호만 수정 -->
	<update id="updateMemberPw"
			parameterType="java.util.Map">
		UPDATE 
			member
		SET 
			member_pw = #{memberPw}
		WHERE
			member_id = #{memberId} 
		AND 
			member_pw = #{currentMemberPw}
	</update>
	
	<!-- 회원 비밀번호를 제외한 나머지 수정 -->
	<update id="updateMember"
			parameterType="cafe.jjdev.mall.vo.Member">
		UPDATE 
			member
		SET 
			member_phone = #{memberPhone}, 
			member_address = #{memberAddress}
		WHERE
			member_id = #{memberId} 
		AND 
			member_pw = #{memberPw}		
	</update>
	
	<!-- 회원 탈퇴 -->
	<delete id="deleteMember"
			parameterType="cafe.jjdev.mall.vo.Member">
		DELETE FROM 
			member
		WHERE 
			member_id = #{memberId}
		AND 
			member_pw = #{memberPw}
	</delete>
</mapper>